,Family,Sample,RPKM.value,Group
1,Unclassified,A9,15372.50974,NC
2,Unclassified,A1,60201.8949,NC
3,Unclassified,A2,57235.99838,NC
4,Unclassified,A3,35301.98144,NC
5,Unclassified,A4,26615.27424,NC
6,Unclassified,A5,29942.10823,NC
7,Unclassified,A6,27208.22358,NC
8,Unclassified,A7,27312.34968,NC
9,Unclassified,A8,10817.09087,NC
10,Unclassified,B10,5836.335855,NC
11,Unclassified,B1,63817.69064,NC
12,Unclassified,B2,50794.08308,NC
13,Unclassified,B3,35749.94017,NC
14,Unclassified,B4,36203.41637,NC
15,Unclassified,B5,22455.56199,NC
16,Unclassified,B6,25551.1838,NC
17,Unclassified,B7,26701.24227,NC
18,Unclassified,B8,25457.47985,NC
19,Unclassified,B9,29410.73935,NC
20,Unclassified,C1,67906.3569,NC
21,Unclassified,C3,44698.4093,NC
22,Unclassified,C2,52619.69371,NC
23,Peduoviridae,A9,1491.932053,NC
24,Peduoviridae,A1,1951.19492,NC
25,Peduoviridae,A2,2470.552554,NC
26,Peduoviridae,A3,4217.392599,NC
27,Peduoviridae,A4,4261.079094,NC
28,Peduoviridae,A5,3562.036757,NC
29,Peduoviridae,A6,4027.950945,NC
30,Peduoviridae,A7,3836.205982,NC
31,Peduoviridae,A8,1684.764869,NC
32,Peduoviridae,B10,1305.34231,NC
33,Peduoviridae,B1,4523.840436,NC
34,Peduoviridae,B2,6572.511671,NC
35,Peduoviridae,B3,2156.959787,NC
36,Peduoviridae,B4,4593.643043,NC
37,Peduoviridae,B5,3882.636725,NC
38,Peduoviridae,B6,3783.324893,NC
39,Peduoviridae,B7,3357.366616,NC
40,Peduoviridae,B8,3232.247006,NC
41,Peduoviridae,B9,1979.1724,NC
42,Peduoviridae,C1,10458.05672,NC
43,Peduoviridae,C3,3515.831066,NC
44,Peduoviridae,C2,4380.319807,NC
45,Herelleviridae,A9,43.67156945,NC
46,Herelleviridae,A1,1749.850411,NC
47,Herelleviridae,A2,1427.8847,NC
48,Herelleviridae,A3,437.6624795,NC
49,Herelleviridae,A4,426.5189663,NC
50,Herelleviridae,A5,447.5867525,NC
51,Herelleviridae,A6,390.554856,NC
52,Herelleviridae,A7,421.1673921,NC
53,Herelleviridae,A8,14.42929931,NC
54,Herelleviridae,B10,37.797984,NC
55,Herelleviridae,B1,1100.852748,NC
56,Herelleviridae,B2,782.9407852,NC
57,Herelleviridae,B3,948.5915849,NC
58,Herelleviridae,B4,992.4988863,NC
59,Herelleviridae,B5,437.7566729,NC
60,Herelleviridae,B6,411.6951006,NC
61,Herelleviridae,B7,399.4994626,NC
62,Herelleviridae,B8,448.305295,NC
63,Herelleviridae,B9,567.9898772,NC
64,Herelleviridae,C1,1217.539425,NC
65,Herelleviridae,C3,344.518707,NC
66,Herelleviridae,C2,319.8956286,NC
67,Adenoviridae,A9,33.20496476,NC
68,Adenoviridae,A1,1456.54857,NC
69,Adenoviridae,A2,1681.417454,NC
70,Adenoviridae,A3,2454.465153,NC
71,Adenoviridae,A4,318.8331792,NC
72,Adenoviridae,A5,356.4627793,NC
73,Adenoviridae,A6,319.3055432,NC
74,Adenoviridae,A7,288.2735299,NC
75,Adenoviridae,A8,33.4978815,NC
76,Adenoviridae,B10,20.6755329,NC
77,Adenoviridae,B1,532.9422078,NC
78,Adenoviridae,B2,816.8777512,NC
79,Adenoviridae,B3,416.9002425,NC
80,Adenoviridae,B4,598.7796932,NC
81,Adenoviridae,B5,353.8406706,NC
82,Adenoviridae,B6,413.980589,NC
83,Adenoviridae,B7,528.6724436,NC
84,Adenoviridae,B8,476.9102482,NC
85,Adenoviridae,B9,334.315345,NC
86,Adenoviridae,C1,680.472743,NC
87,Adenoviridae,C3,265.1007969,NC
88,Adenoviridae,C2,183.721738,NC
89,Kyanoviridae,A9,1478.964492,NC
90,Kyanoviridae,A1,152.1665641,NC
91,Kyanoviridae,A2,146.5481314,NC
92,Kyanoviridae,A3,127.3651642,NC
93,Kyanoviridae,A4,163.6105425,NC
94,Kyanoviridae,A5,189.814161,NC
95,Kyanoviridae,A6,176.8759313,NC
96,Kyanoviridae,A7,146.8856108,NC
97,Kyanoviridae,A8,1975.252396,NC
98,Kyanoviridae,B10,62.60419028,NC
99,Kyanoviridae,B1,365.5815472,NC
100,Kyanoviridae,B2,439.8111372,NC
101,Kyanoviridae,B3,904.7976357,NC
102,Kyanoviridae,B4,520.2928904,NC
103,Kyanoviridae,B5,252.1222152,NC
104,Kyanoviridae,B6,272.3775946,NC
105,Kyanoviridae,B7,267.2761094,NC
106,Kyanoviridae,B8,275.3887183,NC
107,Kyanoviridae,B9,875.9707097,NC
108,Kyanoviridae,C1,1369.847746,NC
109,Kyanoviridae,C3,665.2667627,NC
110,Kyanoviridae,C2,1476.720366,NC
111,Mesyanzhinovviridae,A9,1342.534295,NC
112,Mesyanzhinovviridae,A1,209.5150003,NC
113,Mesyanzhinovviridae,A2,211.2221546,NC
114,Mesyanzhinovviridae,A3,53.075043,NC
115,Mesyanzhinovviridae,A4,589.7253468,NC
116,Mesyanzhinovviridae,A5,777.1176533,NC
117,Mesyanzhinovviridae,A6,581.0716581,NC
118,Mesyanzhinovviridae,A7,588.6351617,NC
119,Mesyanzhinovviridae,A8,607.0048211,NC
120,Mesyanzhinovviridae,B10,58.2412083,NC
121,Mesyanzhinovviridae,B1,104.6141926,NC
122,Mesyanzhinovviridae,B2,823.0348396,NC
123,Mesyanzhinovviridae,B3,161.3352212,NC
124,Mesyanzhinovviridae,B4,138.8556807,NC
125,Mesyanzhinovviridae,B5,245.7473901,NC
126,Mesyanzhinovviridae,B6,293.9930088,NC
127,Mesyanzhinovviridae,B7,327.9521165,NC
128,Mesyanzhinovviridae,B8,313.4150551,NC
129,Mesyanzhinovviridae,B9,388.0866126,NC
130,Mesyanzhinovviridae,C1,491.214057,NC
131,Mesyanzhinovviridae,C3,600.157916,NC
132,Mesyanzhinovviridae,C2,2087.746737,NC
133,Casjensviridae,A9,170.1077358,NC
134,Casjensviridae,A1,480.4206747,NC
135,Casjensviridae,A2,452.9368805,NC
136,Casjensviridae,A3,204.1606646,NC
137,Casjensviridae,A4,443.5897729,NC
138,Casjensviridae,A5,486.5387174,NC
139,Casjensviridae,A6,458.4003255,NC
140,Casjensviridae,A7,440.1491951,NC
141,Casjensviridae,A8,100.8586877,NC
142,Casjensviridae,B10,61.54116093,NC
143,Casjensviridae,B1,55.1940795,NC
144,Casjensviridae,B2,354.8092652,NC
145,Casjensviridae,B3,663.8701672,NC
146,Casjensviridae,B4,656.1932097,NC
147,Casjensviridae,B5,427.7267955,NC
148,Casjensviridae,B6,436.5315804,NC
149,Casjensviridae,B7,453.5199899,NC
150,Casjensviridae,B8,440.4718943,NC
151,Casjensviridae,B9,708.7319356,NC
152,Casjensviridae,C1,537.285968,NC
153,Casjensviridae,C3,571.3948008,NC
154,Casjensviridae,C2,611.7027501,NC
155,Inoviridae,A9,385.6246578,NC
156,Inoviridae,A1,113.6269457,NC
157,Inoviridae,A2,124.3918369,NC
158,Inoviridae,A3,454.839578,NC
159,Inoviridae,A4,526.598592,NC
160,Inoviridae,A5,558.3927875,NC
161,Inoviridae,A6,530.564695,NC
162,Inoviridae,A7,522.0562697,NC
163,Inoviridae,A8,359.7364609,NC
164,Inoviridae,B10,31.4623934,NC
165,Inoviridae,B1,314.4086606,NC
166,Inoviridae,B2,265.3200127,NC
167,Inoviridae,B3,483.9813172,NC
168,Inoviridae,B4,148.3682762,NC
169,Inoviridae,B5,113.4553148,NC
170,Inoviridae,B6,157.0009085,NC
171,Inoviridae,B7,166.6322413,NC
172,Inoviridae,B8,151.7993761,NC
173,Inoviridae,B9,227.1717703,NC
174,Inoviridae,C1,684.217839,NC
175,Inoviridae,C3,548.1066654,NC
176,Inoviridae,C2,528.8247964,NC
177,Straboviridae,A9,47.5024913,NC
178,Straboviridae,A1,912.5998818,NC
179,Straboviridae,A2,918.5678928,NC
180,Straboviridae,A3,155.473045,NC
181,Straboviridae,A4,20.2066436,NC
182,Straboviridae,A5,33.5349787,NC
183,Straboviridae,A6,24.494972,NC
184,Straboviridae,A7,28.5806606,NC
185,Straboviridae,A8,86.5991671,NC
186,Straboviridae,B10,37.2042398,NC
187,Straboviridae,B1,939.0151465,NC
188,Straboviridae,B2,853.9402625,NC
189,Straboviridae,B3,160.0338672,NC
190,Straboviridae,B4,146.9143694,NC
191,Straboviridae,B5,79.2597005,NC
192,Straboviridae,B6,68.4133679,NC
193,Straboviridae,B7,85.3747318,NC
194,Straboviridae,B8,83.877807,NC
195,Straboviridae,B9,103.6582992,NC
196,Straboviridae,C1,2168.541147,NC
197,Straboviridae,C3,113.3274468,NC
198,Straboviridae,C2,181.2869412,NC
199,Suoliviridae,A9,15.8260993,NC
200,Suoliviridae,A1,1210.1852,NC
201,Suoliviridae,A2,858.1782785,NC
202,Suoliviridae,A3,114.8047988,NC
203,Suoliviridae,A4,148.3175455,NC
204,Suoliviridae,A5,181.0812392,NC
205,Suoliviridae,A6,181.1580924,NC
206,Suoliviridae,A7,212.0675098,NC
207,Suoliviridae,A8,9.2626978,NC
208,Suoliviridae,B10,2.7584002,NC
209,Suoliviridae,B1,578.3527615,NC
210,Suoliviridae,B2,929.7970233,NC
211,Suoliviridae,B3,283.1379515,NC
212,Suoliviridae,B4,128.9943014,NC
213,Suoliviridae,B5,5.6380396,NC
214,Suoliviridae,B6,6.227868,NC
215,Suoliviridae,B7,1.5257978,NC
216,Suoliviridae,B8,3.4386133,NC
217,Suoliviridae,B9,48.26185123,NC
218,Suoliviridae,C1,298.4047723,NC
219,Suoliviridae,C3,14.5833042,NC
220,Suoliviridae,C2,377.8971271,NC
221,Herpesviridae,A9,10.4503277,NC
222,Herpesviridae,A1,0,NC
223,Herpesviridae,A2,10.2173088,NC
224,Herpesviridae,A3,120.260586,NC
225,Herpesviridae,A4,858.5127188,NC
226,Herpesviridae,A5,671.6809474,NC
227,Herpesviridae,A6,806.7390103,NC
228,Herpesviridae,A7,733.0582982,NC
229,Herpesviridae,A8,0,NC
230,Herpesviridae,B10,5.9230611,NC
231,Herpesviridae,B1,33.4325476,NC
232,Herpesviridae,B2,18.6922315,NC
233,Herpesviridae,B3,67.8720642,NC
234,Herpesviridae,B4,70.6290651,NC
235,Herpesviridae,B5,379.5250794,NC
236,Herpesviridae,B6,316.0122092,NC
237,Herpesviridae,B7,259.9705945,NC
238,Herpesviridae,B8,283.762611,NC
239,Herpesviridae,B9,219.6521889,NC
240,Herpesviridae,C1,10.552519,NC
241,Herpesviridae,C3,312.6904928,NC
242,Herpesviridae,C2,374.049236,NC
243,Steigviridae,A9,337.4415354,NC
244,Steigviridae,A1,1408.722152,NC
245,Steigviridae,A2,1179.044047,NC
246,Steigviridae,A3,106.318665,NC
247,Steigviridae,A4,25.6169131,NC
248,Steigviridae,A5,31.9679309,NC
249,Steigviridae,A6,26.396261,NC
250,Steigviridae,A7,32.7329745,NC
251,Steigviridae,A8,448.422592,NC
252,Steigviridae,B10,3.7179193,NC
253,Steigviridae,B1,342.0340284,NC
254,Steigviridae,B2,534.8016891,NC
255,Steigviridae,B3,401.8458638,NC
256,Steigviridae,B4,53.1893085,NC
257,Steigviridae,B5,18.7375212,NC
258,Steigviridae,B6,20.6043159,NC
259,Steigviridae,B7,21.5693345,NC
260,Steigviridae,B8,20.59023585,NC
261,Steigviridae,B9,96.82022886,NC
262,Steigviridae,C1,98.5429365,NC
263,Steigviridae,C3,93.3385543,NC
264,Steigviridae,C2,216.9663603,NC
265,Iridoviridae,A9,1544.22711,NC
266,Iridoviridae,A1,135.8618127,NC
267,Iridoviridae,A2,125.6470693,NC
268,Iridoviridae,A3,235.6035409,NC
269,Iridoviridae,A4,87.2844853,NC
270,Iridoviridae,A5,89.3276179,NC
271,Iridoviridae,A6,77.8941753,NC
272,Iridoviridae,A7,76.6018553,NC
273,Iridoviridae,A8,1685.623833,NC
274,Iridoviridae,B10,3.659403,NC
275,Iridoviridae,B1,45.7066615,NC
276,Iridoviridae,B2,41.2639584,NC
277,Iridoviridae,B3,128.4116685,NC
278,Iridoviridae,B4,378.0462256,NC
279,Iridoviridae,B5,99.5237209,NC
280,Iridoviridae,B6,95.87434857,NC
281,Iridoviridae,B7,84.9825278,NC
282,Iridoviridae,B8,97.69992396,NC
283,Iridoviridae,B9,236.5060478,NC
284,Iridoviridae,C1,141.9459005,NC
285,Iridoviridae,C3,69.8897586,NC
286,Iridoviridae,C2,9.788095,NC
287,Schitoviridae,A9,585.2911631,NC
288,Schitoviridae,A1,458.7207657,NC
289,Schitoviridae,A2,501.6487607,NC
290,Schitoviridae,A3,16.1463961,NC
291,Schitoviridae,A4,146.4039129,NC
292,Schitoviridae,A5,283.5220514,NC
293,Schitoviridae,A6,190.0404077,NC
294,Schitoviridae,A7,199.8713875,NC
295,Schitoviridae,A8,348.5827761,NC
296,Schitoviridae,B10,4.0735188,NC
297,Schitoviridae,B1,620.5206941,NC
298,Schitoviridae,B2,530.4434314,NC
299,Schitoviridae,B3,121.4144396,NC
300,Schitoviridae,B4,54.8867726,NC
301,Schitoviridae,B5,13.0832261,NC
302,Schitoviridae,B6,13.0714503,NC
303,Schitoviridae,B7,16.2729386,NC
304,Schitoviridae,B8,17.8720532,NC
305,Schitoviridae,B9,42.01557934,NC
306,Schitoviridae,C1,565.713764,NC
307,Schitoviridae,C3,137.6451276,NC
308,Schitoviridae,C2,198.978851,NC
309,Autographiviridae,A9,225.9557114,NC
310,Autographiviridae,A1,59.99865627,NC
311,Autographiviridae,A2,74.8799461,NC
312,Autographiviridae,A3,66.3608798,NC
313,Autographiviridae,A4,273.5152968,NC
314,Autographiviridae,A5,289.0756046,NC
315,Autographiviridae,A6,296.3543935,NC
316,Autographiviridae,A7,309.6879992,NC
317,Autographiviridae,A8,141.8837956,NC
318,Autographiviridae,B10,16.2876616,NC
319,Autographiviridae,B1,327.088989,NC
320,Autographiviridae,B2,384.3437715,NC
321,Autographiviridae,B3,468.5886131,NC
322,Autographiviridae,B4,348.6089553,NC
323,Autographiviridae,B5,110.5389561,NC
324,Autographiviridae,B6,127.1635023,NC
325,Autographiviridae,B7,140.1669517,NC
326,Autographiviridae,B8,136.7453962,NC
327,Autographiviridae,B9,305.8485011,NC
328,Autographiviridae,C1,159.4891395,NC
329,Autographiviridae,C3,322.2415028,NC
330,Autographiviridae,C2,146.7574741,NC
331,Zobellviridae,A9,1098.380539,NC
332,Zobellviridae,A1,0,NC
333,Zobellviridae,A2,0,NC
334,Zobellviridae,A3,0,NC
335,Zobellviridae,A4,60.286713,NC
336,Zobellviridae,A5,88.55424,NC
337,Zobellviridae,A6,71.566376,NC
338,Zobellviridae,A7,79.093216,NC
339,Zobellviridae,A8,2722.256906,NC
340,Zobellviridae,B10,1.9416466,NC
341,Zobellviridae,B1,8.6495404,NC
342,Zobellviridae,B2,17.9321548,NC
343,Zobellviridae,B3,19.8488948,NC
344,Zobellviridae,B4,2.2443154,NC
345,Zobellviridae,B5,5.2682477,NC
346,Zobellviridae,B6,6.1615392,NC
347,Zobellviridae,B7,6.3526752,NC
348,Zobellviridae,B8,6.6241536,NC
349,Zobellviridae,B9,22.18541335,NC
350,Zobellviridae,C1,0,NC
351,Zobellviridae,C3,74.4289211,NC
352,Zobellviridae,C2,30.1380267,NC
353,Phycodnaviridae,A9,174.5084906,NC
354,Phycodnaviridae,A1,225.3514212,NC
355,Phycodnaviridae,A2,207.0511328,NC
356,Phycodnaviridae,A3,50.5830691,NC
357,Phycodnaviridae,A4,160.1271793,NC
358,Phycodnaviridae,A5,127.6100636,NC
359,Phycodnaviridae,A6,165.5022244,NC
360,Phycodnaviridae,A7,149.7373173,NC
361,Phycodnaviridae,A8,254.8661051,NC
362,Phycodnaviridae,B10,33.6354991,NC
363,Phycodnaviridae,B1,69.6795197,NC
364,Phycodnaviridae,B2,121.61607,NC
365,Phycodnaviridae,B3,135.3873039,NC
366,Phycodnaviridae,B4,129.7697156,NC
367,Phycodnaviridae,B5,286.6677577,NC
368,Phycodnaviridae,B6,238.3627956,NC
369,Phycodnaviridae,B7,233.1934431,NC
370,Phycodnaviridae,B8,242.0260596,NC
371,Phycodnaviridae,B9,262.8286826,NC
372,Phycodnaviridae,C1,111.132716,NC
373,Phycodnaviridae,C3,195.8113813,NC
374,Phycodnaviridae,C2,173.2136603,NC
375,Microviridae,A9,0,NC
376,Microviridae,A1,599.6714724,NC
377,Microviridae,A2,618.181976,NC
378,Microviridae,A3,72.676259,NC
379,Microviridae,A4,3.1913283,NC
380,Microviridae,A5,12.3595805,NC
381,Microviridae,A6,8.6160054,NC
382,Microviridae,A7,9.1406215,NC
383,Microviridae,A8,0,NC
384,Microviridae,B10,0.82745683,NC
385,Microviridae,B1,338.7162848,NC
386,Microviridae,B2,452.2282883,NC
387,Microviridae,B3,42.51192503,NC
388,Microviridae,B4,73.7352312,NC
389,Microviridae,B5,3.5206173,NC
390,Microviridae,B6,3.2073951,NC
391,Microviridae,B7,3.4857856,NC
392,Microviridae,B8,3.7720763,NC
393,Microviridae,B9,19.4031809,NC
394,Microviridae,C1,1432.534544,NC
395,Microviridae,C3,1.6716563,NC
396,Microviridae,C2,13.49312,NC
397,Redondoviridae,A9,0,NC
398,Redondoviridae,A1,311.4789029,NC
399,Redondoviridae,A2,301.9872337,NC
400,Redondoviridae,A3,101.6085613,NC
401,Redondoviridae,A4,108.5300004,NC
402,Redondoviridae,A5,137.6209034,NC
403,Redondoviridae,A6,140.3272653,NC
404,Redondoviridae,A7,160.5864134,NC
405,Redondoviridae,A8,0,NC
406,Redondoviridae,B10,4.7295435,NC
407,Redondoviridae,B1,622.3363872,NC
408,Redondoviridae,B2,311.7237037,NC
409,Redondoviridae,B3,187.1849587,NC
410,Redondoviridae,B4,71.7641606,NC
411,Redondoviridae,B5,78.4001804,NC
412,Redondoviridae,B6,71.964861,NC
413,Redondoviridae,B7,91.8694311,NC
414,Redondoviridae,B8,89.1322319,NC
415,Redondoviridae,B9,83.707856,NC
416,Redondoviridae,C1,124.574288,NC
417,Redondoviridae,C3,38.4694666,NC
418,Redondoviridae,C2,86.580242,NC
419,Parvoviridae,A9,122.7927181,NC
420,Parvoviridae,A1,181.92539,NC
421,Parvoviridae,A2,218.0006223,NC
422,Parvoviridae,A3,117.8894282,NC
423,Parvoviridae,A4,14.7454066,NC
424,Parvoviridae,A5,20.4209114,NC
425,Parvoviridae,A6,15.6854747,NC
426,Parvoviridae,A7,20.1983237,NC
427,Parvoviridae,A8,217.2070471,NC
428,Parvoviridae,B10,1.9107692,NC
429,Parvoviridae,B1,74.3703876,NC
430,Parvoviridae,B2,160.3116176,NC
431,Parvoviridae,B3,126.4550731,NC
432,Parvoviridae,B4,323.0055698,NC
433,Parvoviridae,B5,7.6136423,NC
434,Parvoviridae,B6,9.5373295,NC
435,Parvoviridae,B7,6.72982155,NC
436,Parvoviridae,B8,9.5755644,NC
437,Parvoviridae,B9,68.24400566,NC
438,Parvoviridae,C1,216.22441,NC
439,Parvoviridae,C3,2.7882326,NC
440,Parvoviridae,C2,60.0962757,NC
441,Poxviridae,A9,30.6488033,NC
442,Poxviridae,A1,21.601065,NC
443,Poxviridae,A2,48.9906,NC
444,Poxviridae,A3,2.6079688,NC
445,Poxviridae,A4,23.159829,NC
446,Poxviridae,A5,21.3801324,NC
447,Poxviridae,A6,19.629496,NC
448,Poxviridae,A7,21.508657,NC
449,Poxviridae,A8,69.7027971,NC
450,Poxviridae,B10,5.7729912,NC
451,Poxviridae,B1,96.089039,NC
452,Poxviridae,B2,101.5647711,NC
453,Poxviridae,B3,5.31342669,NC
454,Poxviridae,B4,63.5843714,NC
455,Poxviridae,B5,94.4596456,NC
456,Poxviridae,B6,115.6883941,NC
457,Poxviridae,B7,119.6019915,NC
458,Poxviridae,B8,119.3850307,NC
459,Poxviridae,B9,64.37575928,NC
460,Poxviridae,C1,70.08991,NC
461,Poxviridae,C3,76.8557036,NC
462,Poxviridae,C2,118.41092,NC
463,Circoviridae,A9,5.4526847,NC
464,Circoviridae,A1,2.1089802,NC
465,Circoviridae,A2,1.4966462,NC
466,Circoviridae,A3,0,NC
467,Circoviridae,A4,0,NC
468,Circoviridae,A5,0,NC
469,Circoviridae,A6,0,NC
470,Circoviridae,A7,0,NC
471,Circoviridae,A8,0.72104615,NC
472,Circoviridae,B10,1.2660357,NC
473,Circoviridae,B1,6.428766,NC
474,Circoviridae,B2,23.39922,NC
475,Circoviridae,B3,66.4574874,NC
476,Circoviridae,B4,687.62317,NC
477,Circoviridae,B5,2.7379546,NC
478,Circoviridae,B6,2.981948,NC
479,Circoviridae,B7,1.380013,NC
480,Circoviridae,B8,1.6434832,NC
481,Circoviridae,B9,12.8980683,NC
482,Circoviridae,C1,51.02095,NC
483,Circoviridae,C3,0,NC
484,Circoviridae,C2,0,NC
485,Bacilladnaviridae,A9,0,NC
486,Bacilladnaviridae,A1,47.0592935,NC
487,Bacilladnaviridae,A2,37.5273055,NC
488,Bacilladnaviridae,A3,8.7638623,NC
489,Bacilladnaviridae,A4,17.3822996,NC
490,Bacilladnaviridae,A5,14.4819644,NC
491,Bacilladnaviridae,A6,17.3430365,NC
492,Bacilladnaviridae,A7,18.263303,NC
493,Bacilladnaviridae,A8,0,NC
494,Bacilladnaviridae,B10,0.9269196,NC
495,Bacilladnaviridae,B1,26.7319957,NC
496,Bacilladnaviridae,B2,24.3837862,NC
497,Bacilladnaviridae,B3,38.886913,NC
498,Bacilladnaviridae,B4,14.1127974,NC
499,Bacilladnaviridae,B5,1.5596575,NC
500,Bacilladnaviridae,B6,1.7727692,NC
501,Bacilladnaviridae,B7,0.92480195,NC
502,Bacilladnaviridae,B8,2.1525429,NC
503,Bacilladnaviridae,B9,14.660087,NC
504,Bacilladnaviridae,C1,19.650732,NC
505,Bacilladnaviridae,C3,0,NC
506,Bacilladnaviridae,C2,0,NC
507,Fiersviridae,A9,0,NC
508,Fiersviridae,A1,59.5262471,NC
509,Fiersviridae,A2,62.673508,NC
510,Fiersviridae,A3,14.7147767,NC
511,Fiersviridae,A4,21.558153,NC
512,Fiersviridae,A5,17.563927,NC
513,Fiersviridae,A6,22.687729,NC
514,Fiersviridae,A7,23.33461,NC
515,Fiersviridae,A8,0,NC
516,Fiersviridae,B10,0,NC
517,Fiersviridae,B1,9.9227137,NC
518,Fiersviridae,B2,44.1139326,NC
519,Fiersviridae,B3,10.0435415,NC
520,Fiersviridae,B4,2.8701286,NC
521,Fiersviridae,B5,0,NC
522,Fiersviridae,B6,0,NC
523,Fiersviridae,B7,0,NC
524,Fiersviridae,B8,0,NC
525,Fiersviridae,B9,0.98403615,NC
526,Fiersviridae,C1,0,NC
527,Fiersviridae,C3,0,NC
528,Fiersviridae,C2,0,NC
529,Asfarviridae,A9,0,NC
530,Asfarviridae,A1,0,NC
531,Asfarviridae,A2,0.691618,NC
532,Asfarviridae,A3,5.501338,NC
533,Asfarviridae,A4,14.0455144,NC
534,Asfarviridae,A5,11.4905214,NC
535,Asfarviridae,A6,13.11886,NC
536,Asfarviridae,A7,13.1597375,NC
537,Asfarviridae,A8,0,NC
538,Asfarviridae,B10,0,NC
539,Asfarviridae,B1,8.9935628,NC
540,Asfarviridae,B2,38.071194,NC
541,Asfarviridae,B3,67.42186124,NC
542,Asfarviridae,B4,19.4045528,NC
543,Asfarviridae,B5,9.1829561,NC
544,Asfarviridae,B6,8.52483787,NC
545,Asfarviridae,B7,14.72896019,NC
546,Asfarviridae,B8,16.4769283,NC
547,Asfarviridae,B9,39.57081874,NC
548,Asfarviridae,C1,0,NC
549,Asfarviridae,C3,2.095588,NC
550,Asfarviridae,C2,3.3975842,NC
551,Genomoviridae,A9,0,NC
552,Genomoviridae,A1,0,NC
553,Genomoviridae,A2,0,NC
554,Genomoviridae,A3,0,NC
555,Genomoviridae,A4,15.603104,NC
556,Genomoviridae,A5,15.8488285,NC
557,Genomoviridae,A6,14.188916,NC
558,Genomoviridae,A7,15.791381,NC
559,Genomoviridae,A8,0,NC
560,Genomoviridae,B10,2.613696,NC
561,Genomoviridae,B1,0,NC
562,Genomoviridae,B2,0,NC
563,Genomoviridae,B3,1.79021564,NC
564,Genomoviridae,B4,0,NC
565,Genomoviridae,B5,39.82937,NC
566,Genomoviridae,B6,35.5666,NC
567,Genomoviridae,B7,31.549604,NC
568,Genomoviridae,B8,34.58439,NC
569,Genomoviridae,B9,36.82221327,NC
570,Genomoviridae,C1,0,NC
571,Genomoviridae,C3,22.639235,NC
572,Genomoviridae,C2,0,NC
573,Pleolipoviridae,A9,0,NC
574,Pleolipoviridae,A1,5.3165977,NC
575,Pleolipoviridae,A2,3.6456786,NC
576,Pleolipoviridae,A3,0,NC
577,Pleolipoviridae,A4,46.64222,NC
578,Pleolipoviridae,A5,6.9779267,NC
579,Pleolipoviridae,A6,12.939485,NC
580,Pleolipoviridae,A7,10.002621,NC
581,Pleolipoviridae,A8,0,NC
582,Pleolipoviridae,B10,0,NC
583,Pleolipoviridae,B1,0,NC
584,Pleolipoviridae,B2,0,NC
585,Pleolipoviridae,B3,12.2617531,NC
586,Pleolipoviridae,B4,17.6074903,NC
587,Pleolipoviridae,B5,1.1692438,NC
588,Pleolipoviridae,B6,0.9220704,NC
589,Pleolipoviridae,B7,1.1722509,NC
590,Pleolipoviridae,B8,0.99179226,NC
591,Pleolipoviridae,B9,4.0622009,NC
592,Pleolipoviridae,C1,0,NC
593,Pleolipoviridae,C3,9.2074721,NC
594,Pleolipoviridae,C2,0,NC
595,Smacoviridae,A9,0,NC
596,Smacoviridae,A1,0,NC
597,Smacoviridae,A2,0,NC
598,Smacoviridae,A3,0,NC
599,Smacoviridae,A4,15.8110017,NC
600,Smacoviridae,A5,12.2121226,NC
601,Smacoviridae,A6,11.5986867,NC
602,Smacoviridae,A7,13.0076186,NC
603,Smacoviridae,A8,0,NC
604,Smacoviridae,B10,0,NC
605,Smacoviridae,B1,0,NC
606,Smacoviridae,B2,0,NC
607,Smacoviridae,B3,0,NC
608,Smacoviridae,B4,0,NC
609,Smacoviridae,B5,2.308182,NC
610,Smacoviridae,B6,2.2907078,NC
611,Smacoviridae,B7,3.84648853,NC
612,Smacoviridae,B8,2.7970665,NC
613,Smacoviridae,B9,6.5205061,NC
614,Smacoviridae,C1,0,NC
615,Smacoviridae,C3,0,NC
616,Smacoviridae,C2,0,NC
617,Vilyaviridae,A9,0,NC
618,Vilyaviridae,A1,0,NC
619,Vilyaviridae,A2,0,NC
620,Vilyaviridae,A3,0,NC
621,Vilyaviridae,A4,5.3479137,NC
622,Vilyaviridae,A5,4.892853,NC
623,Vilyaviridae,A6,5.249668,NC
624,Vilyaviridae,A7,5.571936,NC
625,Vilyaviridae,A8,0,NC
626,Vilyaviridae,B10,0,NC
627,Vilyaviridae,B1,0,NC
628,Vilyaviridae,B2,0,NC
629,Vilyaviridae,B3,0,NC
630,Vilyaviridae,B4,0,NC
631,Vilyaviridae,B5,3.9642253,NC
632,Vilyaviridae,B6,5.2510233,NC
633,Vilyaviridae,B7,7.0823226,NC
634,Vilyaviridae,B8,6.3649335,NC
635,Vilyaviridae,B9,2.8438675,NC
636,Vilyaviridae,C1,0,NC
637,Vilyaviridae,C3,2.02518,NC
638,Vilyaviridae,C2,0,NC
639,Geminiviridae,A9,0,NC
640,Geminiviridae,A1,0,NC
641,Geminiviridae,A2,0,NC
642,Geminiviridae,A3,0,NC
643,Geminiviridae,A4,0,NC
644,Geminiviridae,A5,0,NC
645,Geminiviridae,A6,0,NC
646,Geminiviridae,A7,0,NC
647,Geminiviridae,A8,0,NC
648,Geminiviridae,B10,0,NC
649,Geminiviridae,B1,0,NC
650,Geminiviridae,B2,0,NC
651,Geminiviridae,B3,1.6644269,NC
652,Geminiviridae,B4,0,NC
653,Geminiviridae,B5,0,NC
654,Geminiviridae,B6,0,NC
655,Geminiviridae,B7,0,NC
656,Geminiviridae,B8,0,NC
657,Geminiviridae,B9,0,NC
658,Geminiviridae,C1,0,NC
659,Geminiviridae,C3,0,NC
660,Geminiviridae,C2,0,NC
661,Nenyaviridae,A9,0,NC
662,Nenyaviridae,A1,0,NC
663,Nenyaviridae,A2,0,NC
664,Nenyaviridae,A3,0,NC
665,Nenyaviridae,A4,0,NC
666,Nenyaviridae,A5,0,NC
667,Nenyaviridae,A6,0,NC
668,Nenyaviridae,A7,0,NC
669,Nenyaviridae,A8,0,NC
670,Nenyaviridae,B10,0,NC
671,Nenyaviridae,B1,0,NC
672,Nenyaviridae,B2,0,NC
673,Nenyaviridae,B3,0,NC
674,Nenyaviridae,B4,0,NC
675,Nenyaviridae,B5,0,NC
676,Nenyaviridae,B6,0,NC
677,Nenyaviridae,B7,0,NC
678,Nenyaviridae,B8,0,NC
679,Nenyaviridae,B9,0,NC
680,Nenyaviridae,C1,0,NC
681,Nenyaviridae,C3,0,NC
682,Nenyaviridae,C2,0,NC
683,Others,A9,1129.695339,NC
684,Others,A1,3191.927941,NC
685,Others,A2,3025.163109,NC
686,Others,A3,906.4583974,NC
687,Others,A4,1352.075558,NC
688,Others,A5,1024.452167,NC
689,Others,A6,1053.140258,NC
690,Others,A7,1033.447572,NC
691,Others,A8,1102.768968,NC
692,Others,B10,59.34435588,NC
693,Others,B1,2223.477731,NC
694,Others,B2,2749.08467,NC
695,Others,B3,2336.607459,NC
696,Others,B4,1792.948566,NC
697,Others,B5,575.480604,NC
698,Others,B6,536.5763723,NC
699,Others,B7,506.7906397,NC
700,Others,B8,538.5003195,NC
701,Others,B9,1065.519182,NC
702,Others,C1,2300.422488,NC
703,Others,C3,925.766431,NC
704,Others,C2,1939.491926,NC
705,Genomoviridae,A9,3780.286903,VPC
706,Genomoviridae,A1,420750.836,VPC
707,Genomoviridae,A2,360992.6148,VPC
708,Genomoviridae,A3,434351.8908,VPC
709,Genomoviridae,A4,346358.6999,VPC
710,Genomoviridae,A5,429708.4701,VPC
711,Genomoviridae,A6,387398.9899,VPC
712,Genomoviridae,A7,407577.6254,VPC
713,Genomoviridae,A8,29640.83721,VPC
714,Genomoviridae,B10,121372.6986,VPC
715,Genomoviridae,B1,139676.4298,VPC
716,Genomoviridae,B2,178649.0784,VPC
717,Genomoviridae,B3,87917.86476,VPC
718,Genomoviridae,B4,70518.69695,VPC
719,Genomoviridae,B5,90646.02992,VPC
720,Genomoviridae,B6,94579.16218,VPC
721,Genomoviridae,B7,32697.46625,VPC
722,Genomoviridae,B8,47483.68625,VPC
723,Genomoviridae,B9,82999.95673,VPC
724,Genomoviridae,C1,173682.3509,VPC
725,Genomoviridae,C3,318733.9004,VPC
726,Genomoviridae,C2,6320.724169,VPC
727,Unclassified,A9,2741.502037,VPC
728,Unclassified,A1,8571.914947,VPC
729,Unclassified,A2,8559.066557,VPC
730,Unclassified,A3,1090.571064,VPC
731,Unclassified,A4,12381.02945,VPC
732,Unclassified,A5,3632.319782,VPC
733,Unclassified,A6,10064.54265,VPC
734,Unclassified,A7,8893.599344,VPC
735,Unclassified,A8,43633.15874,VPC
736,Unclassified,B10,186990.4071,VPC
737,Unclassified,B1,51431.26374,VPC
738,Unclassified,B2,77950.00278,VPC
739,Unclassified,B3,60177.57928,VPC
740,Unclassified,B4,125229.9048,VPC
741,Unclassified,B5,227199.2681,VPC
742,Unclassified,B6,138104.256,VPC
743,Unclassified,B7,258846.0708,VPC
744,Unclassified,B8,231597.1595,VPC
745,Unclassified,B9,200500.0511,VPC
746,Unclassified,C1,39686.46681,VPC
747,Unclassified,C3,44867.29313,VPC
748,Unclassified,C2,115640.5793,VPC
749,Asfarviridae,A9,142279.7036,VPC
750,Asfarviridae,A1,223.0853032,VPC
751,Asfarviridae,A2,224.8426941,VPC
752,Asfarviridae,A3,138.8948153,VPC
753,Asfarviridae,A4,457.1886907,VPC
754,Asfarviridae,A5,104.0755974,VPC
755,Asfarviridae,A6,323.6903331,VPC
756,Asfarviridae,A7,189.1548611,VPC
757,Asfarviridae,A8,59608.81615,VPC
758,Asfarviridae,B10,32677.4679,VPC
759,Asfarviridae,B1,153.0228137,VPC
760,Asfarviridae,B2,569.0568605,VPC
761,Asfarviridae,B3,2114.804862,VPC
762,Asfarviridae,B4,20085.99345,VPC
763,Asfarviridae,B5,53524.81555,VPC
764,Asfarviridae,B6,27654.71202,VPC
765,Asfarviridae,B7,62005.99665,VPC
766,Asfarviridae,B8,45063.28453,VPC
767,Asfarviridae,B9,46516.55908,VPC
768,Asfarviridae,C1,2921.266956,VPC
769,Asfarviridae,C3,0,VPC
770,Asfarviridae,C2,106.7476256,VPC
771,Fiersviridae,A9,143132.0096,VPC
772,Fiersviridae,A1,83.38928604,VPC
773,Fiersviridae,A2,110.6241554,VPC
774,Fiersviridae,A3,132.0449726,VPC
775,Fiersviridae,A4,182.8353717,VPC
776,Fiersviridae,A5,70.3449436,VPC
777,Fiersviridae,A6,172.2008034,VPC
778,Fiersviridae,A7,67.4245275,VPC
779,Fiersviridae,A8,55016.2491,VPC
780,Fiersviridae,B10,2897.868818,VPC
781,Fiersviridae,B1,124.2546661,VPC
782,Fiersviridae,B2,184.0309605,VPC
783,Fiersviridae,B3,36301.51462,VPC
784,Fiersviridae,B4,29353.71804,VPC
785,Fiersviridae,B5,1444.163027,VPC
786,Fiersviridae,B6,3585.548402,VPC
787,Fiersviridae,B7,1487.071802,VPC
788,Fiersviridae,B8,21558.61878,VPC
789,Fiersviridae,B9,15552.10056,VPC
790,Fiersviridae,C1,38.8179842,VPC
791,Fiersviridae,C3,212.73051,VPC
792,Fiersviridae,C2,1.65591055,VPC
793,Microviridae,A9,610.8652219,VPC
794,Microviridae,A1,2047.69769,VPC
795,Microviridae,A2,15387.08186,VPC
796,Microviridae,A3,727.5182788,VPC
797,Microviridae,A4,275.2721956,VPC
798,Microviridae,A5,129.9995305,VPC
799,Microviridae,A6,215.6049181,VPC
800,Microviridae,A7,198.402278,VPC
801,Microviridae,A8,22622.79855,VPC
802,Microviridae,B10,168.1094873,VPC
803,Microviridae,B1,14664.97614,VPC
804,Microviridae,B2,21627.71659,VPC
805,Microviridae,B3,41235.76796,VPC
806,Microviridae,B4,12087.61731,VPC
807,Microviridae,B5,304.6121603,VPC
808,Microviridae,B6,1107.610643,VPC
809,Microviridae,B7,470.9185628,VPC
810,Microviridae,B8,934.7118851,VPC
811,Microviridae,B9,296.1910901,VPC
812,Microviridae,C1,26165.06394,VPC
813,Microviridae,C3,182.0805614,VPC
814,Microviridae,C2,97555.69709,VPC
815,Circoviridae,A9,56.59927949,VPC
816,Circoviridae,A1,221.9018798,VPC
817,Circoviridae,A2,288.819467,VPC
818,Circoviridae,A3,81.99074908,VPC
819,Circoviridae,A4,140.4091324,VPC
820,Circoviridae,A5,24.41442289,VPC
821,Circoviridae,A6,93.66266881,VPC
822,Circoviridae,A7,78.56630282,VPC
823,Circoviridae,A8,2136.839776,VPC
824,Circoviridae,B10,3501.402602,VPC
825,Circoviridae,B1,4166.056086,VPC
826,Circoviridae,B2,4107.096064,VPC
827,Circoviridae,B3,39163.83225,VPC
828,Circoviridae,B4,32967.53016,VPC
829,Circoviridae,B5,1849.324018,VPC
830,Circoviridae,B6,4173.458,VPC
831,Circoviridae,B7,2046.605986,VPC
832,Circoviridae,B8,22056.65432,VPC
833,Circoviridae,B9,15568.72099,VPC
834,Circoviridae,C1,66544.44637,VPC
835,Circoviridae,C3,17801.22964,VPC
836,Circoviridae,C2,19409.86746,VPC
837,Adenoviridae,A9,144577.4506,VPC
838,Adenoviridae,A1,88.4377953,VPC
839,Adenoviridae,A2,118.0200616,VPC
840,Adenoviridae,A3,132.6954597,VPC
841,Adenoviridae,A4,179.868009,VPC
842,Adenoviridae,A5,68.86743,VPC
843,Adenoviridae,A6,171.5353724,VPC
844,Adenoviridae,A7,67.68587385,VPC
845,Adenoviridae,A8,53990.82567,VPC
846,Adenoviridae,B10,16.0085433,VPC
847,Adenoviridae,B1,115.03878,VPC
848,Adenoviridae,B2,100.2887909,VPC
849,Adenoviridae,B3,112.2520896,VPC
850,Adenoviridae,B4,2140.348681,VPC
851,Adenoviridae,B5,4.60413065,VPC
852,Adenoviridae,B6,967.5018393,VPC
853,Adenoviridae,B7,291.039616,VPC
854,Adenoviridae,B8,2069.070073,VPC
855,Adenoviridae,B9,1754.372013,VPC
856,Adenoviridae,C1,14.7608476,VPC
857,Adenoviridae,C3,0,VPC
858,Adenoviridae,C2,30.5425688,VPC
859,Pleolipoviridae,A9,25.242746,VPC
860,Pleolipoviridae,A1,13.57779,VPC
861,Pleolipoviridae,A2,14.720724,VPC
862,Pleolipoviridae,A3,12.793201,VPC
863,Pleolipoviridae,A4,19.740131,VPC
864,Pleolipoviridae,A5,11.006103,VPC
865,Pleolipoviridae,A6,14.030702,VPC
866,Pleolipoviridae,A7,16.412792,VPC
867,Pleolipoviridae,A8,21.024168,VPC
868,Pleolipoviridae,B10,223.73808,VPC
869,Pleolipoviridae,B1,107124.734,VPC
870,Pleolipoviridae,B2,4475.015,VPC
871,Pleolipoviridae,B3,13353.28591,VPC
872,Pleolipoviridae,B4,4722.35494,VPC
873,Pleolipoviridae,B5,397.5012867,VPC
874,Pleolipoviridae,B6,114.2396194,VPC
875,Pleolipoviridae,B7,147.0365764,VPC
876,Pleolipoviridae,B8,95.03677,VPC
877,Pleolipoviridae,B9,130.4273074,VPC
878,Pleolipoviridae,C1,240.8759899,VPC
879,Pleolipoviridae,C3,0,VPC
880,Pleolipoviridae,C2,21.6023436,VPC
881,Geminiviridae,A9,2.82021481,VPC
882,Geminiviridae,A1,141.2859962,VPC
883,Geminiviridae,A2,93.86120594,VPC
884,Geminiviridae,A3,24.69346957,VPC
885,Geminiviridae,A4,34.38131496,VPC
886,Geminiviridae,A5,4.52341615,VPC
887,Geminiviridae,A6,20.28050777,VPC
888,Geminiviridae,A7,12.5905239,VPC
889,Geminiviridae,A8,13.56620268,VPC
890,Geminiviridae,B10,3.94296455,VPC
891,Geminiviridae,B1,1365.029977,VPC
892,Geminiviridae,B2,3082.911953,VPC
893,Geminiviridae,B3,2211.507929,VPC
894,Geminiviridae,B4,1427.118266,VPC
895,Geminiviridae,B5,17.61384456,VPC
896,Geminiviridae,B6,91.00152321,VPC
897,Geminiviridae,B7,17.90731724,VPC
898,Geminiviridae,B8,86.04180657,VPC
899,Geminiviridae,B9,20.86285944,VPC
900,Geminiviridae,C1,1225.331344,VPC
901,Geminiviridae,C3,101.97697,VPC
902,Geminiviridae,C2,42154.72934,VPC
903,Inoviridae,A9,49.45530568,VPC
904,Inoviridae,A1,409.0294814,VPC
905,Inoviridae,A2,9705.699373,VPC
906,Inoviridae,A3,47.98245842,VPC
907,Inoviridae,A4,1412.173661,VPC
908,Inoviridae,A5,184.522569,VPC
909,Inoviridae,A6,1174.448944,VPC
910,Inoviridae,A7,648.3714599,VPC
911,Inoviridae,A8,2604.213358,VPC
912,Inoviridae,B10,235.2053577,VPC
913,Inoviridae,B1,1426.257845,VPC
914,Inoviridae,B2,2742.227002,VPC
915,Inoviridae,B3,11132.29224,VPC
916,Inoviridae,B4,994.7162975,VPC
917,Inoviridae,B5,461.0682243,VPC
918,Inoviridae,B6,501.4925231,VPC
919,Inoviridae,B7,369.506131,VPC
920,Inoviridae,B8,205.3994072,VPC
921,Inoviridae,B9,316.1970272,VPC
922,Inoviridae,C1,587.3549102,VPC
923,Inoviridae,C3,55.03696,VPC
924,Inoviridae,C2,2.69294,VPC
925,Smacoviridae,A9,2.98028997,VPC
926,Smacoviridae,A1,1339.618354,VPC
927,Smacoviridae,A2,1171.217279,VPC
928,Smacoviridae,A3,162.4727411,VPC
929,Smacoviridae,A4,305.3025852,VPC
930,Smacoviridae,A5,38.04251343,VPC
931,Smacoviridae,A6,166.5631459,VPC
932,Smacoviridae,A7,99.19408459,VPC
933,Smacoviridae,A8,54.88579863,VPC
934,Smacoviridae,B10,129.9770849,VPC
935,Smacoviridae,B1,4215.584919,VPC
936,Smacoviridae,B2,7045.874198,VPC
937,Smacoviridae,B3,3936.912592,VPC
938,Smacoviridae,B4,2381.139478,VPC
939,Smacoviridae,B5,129.6458684,VPC
940,Smacoviridae,B6,370.0154533,VPC
941,Smacoviridae,B7,258.845292,VPC
942,Smacoviridae,B8,267.500543,VPC
943,Smacoviridae,B9,143.752445,VPC
944,Smacoviridae,C1,1792.087311,VPC
945,Smacoviridae,C3,0,VPC
946,Smacoviridae,C2,147.1976771,VPC
947,Poxviridae,A9,0.69687897,VPC
948,Poxviridae,A1,15.97300912,VPC
949,Poxviridae,A2,28.7711495,VPC
950,Poxviridae,A3,2.47345735,VPC
951,Poxviridae,A4,24.14073075,VPC
952,Poxviridae,A5,2.8265157,VPC
953,Poxviridae,A6,15.07328973,VPC
954,Poxviridae,A7,13.1486325,VPC
955,Poxviridae,A8,32.04479299,VPC
956,Poxviridae,B10,0,VPC
957,Poxviridae,B1,26.79455036,VPC
958,Poxviridae,B2,57.85930915,VPC
959,Poxviridae,B3,155.5874254,VPC
960,Poxviridae,B4,404.6443612,VPC
961,Poxviridae,B5,17.01197671,VPC
962,Poxviridae,B6,41.47212491,VPC
963,Poxviridae,B7,26.53708907,VPC
964,Poxviridae,B8,68.8899529,VPC
965,Poxviridae,B9,32.58883179,VPC
966,Poxviridae,C1,213.6188705,VPC
967,Poxviridae,C3,17765.04308,VPC
968,Poxviridae,C2,224.4023238,VPC
969,Vilyaviridae,A9,71.22569464,VPC
970,Vilyaviridae,A1,18.02675347,VPC
971,Vilyaviridae,A2,16.0163945,VPC
972,Vilyaviridae,A3,2.83770884,VPC
973,Vilyaviridae,A4,106.28905,VPC
974,Vilyaviridae,A5,35.94814119,VPC
975,Vilyaviridae,A6,52.14240353,VPC
976,Vilyaviridae,A7,92.34684006,VPC
977,Vilyaviridae,A8,10652.62079,VPC
978,Vilyaviridae,B10,883.45755,VPC
979,Vilyaviridae,B1,15.2198808,VPC
980,Vilyaviridae,B2,23.6487537,VPC
981,Vilyaviridae,B3,6.61834814,VPC
982,Vilyaviridae,B4,16.7791555,VPC
983,Vilyaviridae,B5,3.8907658,VPC
984,Vilyaviridae,B6,3.9434789,VPC
985,Vilyaviridae,B7,2.5581737,VPC
986,Vilyaviridae,B8,4.3168908,VPC
987,Vilyaviridae,B9,23.5900184,VPC
988,Vilyaviridae,C1,4140.570944,VPC
989,Vilyaviridae,C3,34.911373,VPC
990,Vilyaviridae,C2,12.7087241,VPC
991,Straboviridae,A9,0,VPC
992,Straboviridae,A1,2.14243059,VPC
993,Straboviridae,A2,10.981907,VPC
994,Straboviridae,A3,0,VPC
995,Straboviridae,A4,4.9340157,VPC
996,Straboviridae,A5,0,VPC
997,Straboviridae,A6,0.49191023,VPC
998,Straboviridae,A7,0,VPC
999,Straboviridae,A8,0.51160085,VPC
1000,Straboviridae,B10,153.86147,VPC
1001,Straboviridae,B1,20.7090005,VPC
1002,Straboviridae,B2,69.098707,VPC
1003,Straboviridae,B3,90.94861054,VPC
1004,Straboviridae,B4,33.2040685,VPC
1005,Straboviridae,B5,5.18685402,VPC
1006,Straboviridae,B6,21.5479046,VPC
1007,Straboviridae,B7,6.77649155,VPC
1008,Straboviridae,B8,4.37403947,VPC
1009,Straboviridae,B9,8.91123765,VPC
1010,Straboviridae,C1,6813.207889,VPC
1011,Straboviridae,C3,0,VPC
1012,Straboviridae,C2,9.7144637,VPC
1013,Bacilladnaviridae,A9,0.67270506,VPC
1014,Bacilladnaviridae,A1,43.34751176,VPC
1015,Bacilladnaviridae,A2,47.78603194,VPC
1016,Bacilladnaviridae,A3,36.63260323,VPC
1017,Bacilladnaviridae,A4,337.0171832,VPC
1018,Bacilladnaviridae,A5,16.7954427,VPC
1019,Bacilladnaviridae,A6,102.2959044,VPC
1020,Bacilladnaviridae,A7,57.43581079,VPC
1021,Bacilladnaviridae,A8,10.4667176,VPC
1022,Bacilladnaviridae,B10,0,VPC
1023,Bacilladnaviridae,B1,0.42447475,VPC
1024,Bacilladnaviridae,B2,2.549623,VPC
1025,Bacilladnaviridae,B3,3.97967114,VPC
1026,Bacilladnaviridae,B4,58.56296266,VPC
1027,Bacilladnaviridae,B5,30.44545828,VPC
1028,Bacilladnaviridae,B6,111.6616219,VPC
1029,Bacilladnaviridae,B7,53.51003116,VPC
1030,Bacilladnaviridae,B8,94.0700855,VPC
1031,Bacilladnaviridae,B9,8.4853389,VPC
1032,Bacilladnaviridae,C1,456.8033739,VPC
1033,Bacilladnaviridae,C3,2.4650025,VPC
1034,Bacilladnaviridae,C2,3183.470426,VPC
1035,Parvoviridae,A9,1.94091831,VPC
1036,Parvoviridae,A1,1.24009396,VPC
1037,Parvoviridae,A2,1.33058392,VPC
1038,Parvoviridae,A3,1.23388865,VPC
1039,Parvoviridae,A4,3.19377856,VPC
1040,Parvoviridae,A5,1.5837318,VPC
1041,Parvoviridae,A6,2.15048075,VPC
1042,Parvoviridae,A7,2.52993932,VPC
1043,Parvoviridae,A8,13.30555084,VPC
1044,Parvoviridae,B10,11.445076,VPC
1045,Parvoviridae,B1,56.5013747,VPC
1046,Parvoviridae,B2,327.5708855,VPC
1047,Parvoviridae,B3,1267.07288,VPC
1048,Parvoviridae,B4,1911.568672,VPC
1049,Parvoviridae,B5,62.18574941,VPC
1050,Parvoviridae,B6,92.61033117,VPC
1051,Parvoviridae,B7,66.57772103,VPC
1052,Parvoviridae,B8,95.43163617,VPC
1053,Parvoviridae,B9,43.16602996,VPC
1054,Parvoviridae,C1,135.6939695,VPC
1055,Parvoviridae,C3,0,VPC
1056,Parvoviridae,C2,27.85042437,VPC
1057,Nenyaviridae,A9,0.5513879,VPC
1058,Nenyaviridae,A1,5.20116196,VPC
1059,Nenyaviridae,A2,2.59094178,VPC
1060,Nenyaviridae,A3,4.6103085,VPC
1061,Nenyaviridae,A4,7.03200964,VPC
1062,Nenyaviridae,A5,1.47576294,VPC
1063,Nenyaviridae,A6,5.97718464,VPC
1064,Nenyaviridae,A7,9.57422107,VPC
1065,Nenyaviridae,A8,0.91362276,VPC
1066,Nenyaviridae,B10,0.5121649,VPC
1067,Nenyaviridae,B1,2315.970283,VPC
1068,Nenyaviridae,B2,671.8877434,VPC
1069,Nenyaviridae,B3,485.1816263,VPC
1070,Nenyaviridae,B4,136.0108577,VPC
1071,Nenyaviridae,B5,0.911514,VPC
1072,Nenyaviridae,B6,17.5317765,VPC
1073,Nenyaviridae,B7,6.8816609,VPC
1074,Nenyaviridae,B8,17.1272923,VPC
1075,Nenyaviridae,B9,4.11530557,VPC
1076,Nenyaviridae,C1,11.0088317,VPC
1077,Nenyaviridae,C3,0,VPC
1078,Nenyaviridae,C2,65.6414312,VPC
1079,Steigviridae,A9,225.29814,VPC
1080,Steigviridae,A1,0.55815313,VPC
1081,Steigviridae,A2,0.34677425,VPC
1082,Steigviridae,A3,0.26213405,VPC
1083,Steigviridae,A4,0.8900952,VPC
1084,Steigviridae,A5,0.27571464,VPC
1085,Steigviridae,A6,0.33038336,VPC
1086,Steigviridae,A7,0.3425422,VPC
1087,Steigviridae,A8,1916.090881,VPC
1088,Steigviridae,B10,295.819871,VPC
1089,Steigviridae,B1,0.5816828,VPC
1090,Steigviridae,B2,2.64594104,VPC
1091,Steigviridae,B3,23.91930195,VPC
1092,Steigviridae,B4,7.24835155,VPC
1093,Steigviridae,B5,39.604893,VPC
1094,Steigviridae,B6,61.40495226,VPC
1095,Steigviridae,B7,45.76813584,VPC
1096,Steigviridae,B8,2.62610426,VPC
1097,Steigviridae,B9,57.27628,VPC
1098,Steigviridae,C1,77.85748166,VPC
1099,Steigviridae,C3,397.912688,VPC
1100,Steigviridae,C2,111.2541404,VPC
1101,Autographiviridae,A9,4.48536878,VPC
1102,Autographiviridae,A1,0,VPC
1103,Autographiviridae,A2,0,VPC
1104,Autographiviridae,A3,0,VPC
1105,Autographiviridae,A4,10.18516653,VPC
1106,Autographiviridae,A5,2.76962609,VPC
1107,Autographiviridae,A6,9.1094336,VPC
1108,Autographiviridae,A7,11.2407038,VPC
1109,Autographiviridae,A8,70.8734068,VPC
1110,Autographiviridae,B10,222.025174,VPC
1111,Autographiviridae,B1,0.85471445,VPC
1112,Autographiviridae,B2,16.0340323,VPC
1113,Autographiviridae,B3,268.0201987,VPC
1114,Autographiviridae,B4,1435.374723,VPC
1115,Autographiviridae,B5,14.76219057,VPC
1116,Autographiviridae,B6,78.64057859,VPC
1117,Autographiviridae,B7,28.44485122,VPC
1118,Autographiviridae,B8,9.04723028,VPC
1119,Autographiviridae,B9,21.78879694,VPC
1120,Autographiviridae,C1,175.7855839,VPC
1121,Autographiviridae,C3,0,VPC
1122,Autographiviridae,C2,7.6628635,VPC
1123,Peduoviridae,A9,2.0308245,VPC
1124,Peduoviridae,A1,0,VPC
1125,Peduoviridae,A2,0,VPC
1126,Peduoviridae,A3,0,VPC
1127,Peduoviridae,A4,25.88290602,VPC
1128,Peduoviridae,A5,3.23940147,VPC
1129,Peduoviridae,A6,11.31346835,VPC
1130,Peduoviridae,A7,20.05147593,VPC
1131,Peduoviridae,A8,38.2682611,VPC
1132,Peduoviridae,B10,459.768843,VPC
1133,Peduoviridae,B1,33.0483823,VPC
1134,Peduoviridae,B2,19.46803025,VPC
1135,Peduoviridae,B3,182.7945729,VPC
1136,Peduoviridae,B4,63.72880726,VPC
1137,Peduoviridae,B5,17.14630279,VPC
1138,Peduoviridae,B6,266.6191461,VPC
1139,Peduoviridae,B7,26.41947483,VPC
1140,Peduoviridae,B8,85.70538952,VPC
1141,Peduoviridae,B9,31.44250063,VPC
1142,Peduoviridae,C1,380.3578005,VPC
1143,Peduoviridae,C3,456.199847,VPC
1144,Peduoviridae,C2,48.02463705,VPC
1145,Casjensviridae,A9,1.18259144,VPC
1146,Casjensviridae,A1,0.7978004,VPC
1147,Casjensviridae,A2,0,VPC
1148,Casjensviridae,A3,5.77529883,VPC
1149,Casjensviridae,A4,1.0409448,VPC
1150,Casjensviridae,A5,0.7229036,VPC
1151,Casjensviridae,A6,0,VPC
1152,Casjensviridae,A7,0,VPC
1153,Casjensviridae,A8,137.1055909,VPC
1154,Casjensviridae,B10,1.3280122,VPC
1155,Casjensviridae,B1,221.3884422,VPC
1156,Casjensviridae,B2,1358.300997,VPC
1157,Casjensviridae,B3,19.76242915,VPC
1158,Casjensviridae,B4,21.7085167,VPC
1159,Casjensviridae,B5,1.1786817,VPC
1160,Casjensviridae,B6,12.573971,VPC
1161,Casjensviridae,B7,2.30872853,VPC
1162,Casjensviridae,B8,0.5435943,VPC
1163,Casjensviridae,B9,2.67232232,VPC
1164,Casjensviridae,C1,294.861145,VPC
1165,Casjensviridae,C3,64.683228,VPC
1166,Casjensviridae,C2,7.573341,VPC
1167,Zobellviridae,A9,0.7840228,VPC
1168,Zobellviridae,A1,0,VPC
1169,Zobellviridae,A2,0,VPC
1170,Zobellviridae,A3,1.028733,VPC
1171,Zobellviridae,A4,0.37258777,VPC
1172,Zobellviridae,A5,0,VPC
1173,Zobellviridae,A6,0,VPC
1174,Zobellviridae,A7,0,VPC
1175,Zobellviridae,A8,758.8948772,VPC
1176,Zobellviridae,B10,0,VPC
1177,Zobellviridae,B1,0,VPC
1178,Zobellviridae,B2,0.67710453,VPC
1179,Zobellviridae,B3,0,VPC
1180,Zobellviridae,B4,0,VPC
1181,Zobellviridae,B5,0,VPC
1182,Zobellviridae,B6,0,VPC
1183,Zobellviridae,B7,0,VPC
1184,Zobellviridae,B8,0,VPC
1185,Zobellviridae,B9,0.52449741,VPC
1186,Zobellviridae,C1,78.0581835,VPC
1187,Zobellviridae,C3,0,VPC
1188,Zobellviridae,C2,0,VPC
1189,Suoliviridae,A9,2.8317406,VPC
1190,Suoliviridae,A1,12.33058284,VPC
1191,Suoliviridae,A2,2.70869543,VPC
1192,Suoliviridae,A3,0.88915035,VPC
1193,Suoliviridae,A4,60.24882876,VPC
1194,Suoliviridae,A5,14.29980537,VPC
1195,Suoliviridae,A6,44.358986,VPC
1196,Suoliviridae,A7,60.63265797,VPC
1197,Suoliviridae,A8,101.9050998,VPC
1198,Suoliviridae,B10,0,VPC
1199,Suoliviridae,B1,2.0191646,VPC
1200,Suoliviridae,B2,20.98351715,VPC
1201,Suoliviridae,B3,55.61693139,VPC
1202,Suoliviridae,B4,69.7181649,VPC
1203,Suoliviridae,B5,2.93494132,VPC
1204,Suoliviridae,B6,16.10696308,VPC
1205,Suoliviridae,B7,6.9960014,VPC
1206,Suoliviridae,B8,1.77937193,VPC
1207,Suoliviridae,B9,10.15157036,VPC
1208,Suoliviridae,C1,110.5457542,VPC
1209,Suoliviridae,C3,0,VPC
1210,Suoliviridae,C2,152.8327083,VPC
1211,Kyanoviridae,A9,0.43603104,VPC
1212,Kyanoviridae,A1,0,VPC
1213,Kyanoviridae,A2,0,VPC
1214,Kyanoviridae,A3,0,VPC
1215,Kyanoviridae,A4,9.8237131,VPC
1216,Kyanoviridae,A5,2.51943474,VPC
1217,Kyanoviridae,A6,9.90007224,VPC
1218,Kyanoviridae,A7,13.019944,VPC
1219,Kyanoviridae,A8,14.69267993,VPC
1220,Kyanoviridae,B10,236.722695,VPC
1221,Kyanoviridae,B1,0.42546654,VPC
1222,Kyanoviridae,B2,0,VPC
1223,Kyanoviridae,B3,30.5555597,VPC
1224,Kyanoviridae,B4,49.4571394,VPC
1225,Kyanoviridae,B5,3.40826859,VPC
1226,Kyanoviridae,B6,25.8887698,VPC
1227,Kyanoviridae,B7,4.50312062,VPC
1228,Kyanoviridae,B8,3.65325663,VPC
1229,Kyanoviridae,B9,8.14702842,VPC
1230,Kyanoviridae,C1,14.320012,VPC
1231,Kyanoviridae,C3,0,VPC
1232,Kyanoviridae,C2,308.0523356,VPC
1233,Schitoviridae,A9,0,VPC
1234,Schitoviridae,A1,0,VPC
1235,Schitoviridae,A2,0,VPC
1236,Schitoviridae,A3,3.19821018,VPC
1237,Schitoviridae,A4,231.7375747,VPC
1238,Schitoviridae,A5,23.66201262,VPC
1239,Schitoviridae,A6,109.60825,VPC
1240,Schitoviridae,A7,64.0834104,VPC
1241,Schitoviridae,A8,107.9617976,VPC
1242,Schitoviridae,B10,8.666579,VPC
1243,Schitoviridae,B1,1.211774,VPC
1244,Schitoviridae,B2,5.91202032,VPC
1245,Schitoviridae,B3,5.05936617,VPC
1246,Schitoviridae,B4,10.16957492,VPC
1247,Schitoviridae,B5,3.4890639,VPC
1248,Schitoviridae,B6,23.1306592,VPC
1249,Schitoviridae,B7,5.71284574,VPC
1250,Schitoviridae,B8,8.0556431,VPC
1251,Schitoviridae,B9,3.98653048,VPC
1252,Schitoviridae,C1,53.5291058,VPC
1253,Schitoviridae,C3,11.871422,VPC
1254,Schitoviridae,C2,0,VPC
1255,Herelleviridae,A9,4.46656756,VPC
1256,Herelleviridae,A1,1.71182701,VPC
1257,Herelleviridae,A2,2.64476138,VPC
1258,Herelleviridae,A3,5.9652278,VPC
1259,Herelleviridae,A4,105.696291,VPC
1260,Herelleviridae,A5,4.8043865,VPC
1261,Herelleviridae,A6,17.7119449,VPC
1262,Herelleviridae,A7,4.53493138,VPC
1263,Herelleviridae,A8,6.2395197,VPC
1264,Herelleviridae,B10,0,VPC
1265,Herelleviridae,B1,2.59218726,VPC
1266,Herelleviridae,B2,3.1310457,VPC
1267,Herelleviridae,B3,60.15880795,VPC
1268,Herelleviridae,B4,65.1974563,VPC
1269,Herelleviridae,B5,7.82869076,VPC
1270,Herelleviridae,B6,106.4413911,VPC
1271,Herelleviridae,B7,14.23913228,VPC
1272,Herelleviridae,B8,10.87402747,VPC
1273,Herelleviridae,B9,19.8470936,VPC
1274,Herelleviridae,C1,11.105305,VPC
1275,Herelleviridae,C3,0,VPC
1276,Herelleviridae,C2,69.0006699,VPC
1277,Phycodnaviridae,A9,0,VPC
1278,Phycodnaviridae,A1,0,VPC
1279,Phycodnaviridae,A2,0,VPC
1280,Phycodnaviridae,A3,0,VPC
1281,Phycodnaviridae,A4,1.571253,VPC
1282,Phycodnaviridae,A5,0.26107383,VPC
1283,Phycodnaviridae,A6,1.5484489,VPC
1284,Phycodnaviridae,A7,1.7747791,VPC
1285,Phycodnaviridae,A8,0.6162078,VPC
1286,Phycodnaviridae,B10,34.8526003,VPC
1287,Phycodnaviridae,B1,9.472467,VPC
1288,Phycodnaviridae,B2,158.84186,VPC
1289,Phycodnaviridae,B3,20.1438651,VPC
1290,Phycodnaviridae,B4,58.7551405,VPC
1291,Phycodnaviridae,B5,0.75332785,VPC
1292,Phycodnaviridae,B6,44.31601474,VPC
1293,Phycodnaviridae,B7,2.24894946,VPC
1294,Phycodnaviridae,B8,7.2290859,VPC
1295,Phycodnaviridae,B9,0.73456256,VPC
1296,Phycodnaviridae,C1,0,VPC
1297,Phycodnaviridae,C3,0,VPC
1298,Phycodnaviridae,C2,0,VPC
1299,Mesyanzhinovviridae,A9,0,VPC
1300,Mesyanzhinovviridae,A1,0,VPC
1301,Mesyanzhinovviridae,A2,0.40857816,VPC
1302,Mesyanzhinovviridae,A3,0,VPC
1303,Mesyanzhinovviridae,A4,0.23333809,VPC
1304,Mesyanzhinovviridae,A5,0,VPC
1305,Mesyanzhinovviridae,A6,0,VPC
1306,Mesyanzhinovviridae,A7,0,VPC
1307,Mesyanzhinovviridae,A8,3.3850407,VPC
1308,Mesyanzhinovviridae,B10,2.5804298,VPC
1309,Mesyanzhinovviridae,B1,1.96683581,VPC
1310,Mesyanzhinovviridae,B2,5.4212054,VPC
1311,Mesyanzhinovviridae,B3,178.7417382,VPC
1312,Mesyanzhinovviridae,B4,8.05489054,VPC
1313,Mesyanzhinovviridae,B5,5.35852181,VPC
1314,Mesyanzhinovviridae,B6,33.5043097,VPC
1315,Mesyanzhinovviridae,B7,9.00037347,VPC
1316,Mesyanzhinovviridae,B8,2.44541636,VPC
1317,Mesyanzhinovviridae,B9,34.1509173,VPC
1318,Mesyanzhinovviridae,C1,21.3616394,VPC
1319,Mesyanzhinovviridae,C3,0,VPC
1320,Mesyanzhinovviridae,C2,1.1276468,VPC
1321,Redondoviridae,A9,0,VPC
1322,Redondoviridae,A1,50.744408,VPC
1323,Redondoviridae,A2,0.36778668,VPC
1324,Redondoviridae,A3,0,VPC
1325,Redondoviridae,A4,3.611419,VPC
1326,Redondoviridae,A5,1.3161833,VPC
1327,Redondoviridae,A6,4.9897161,VPC
1328,Redondoviridae,A7,5.3588448,VPC
1329,Redondoviridae,A8,0,VPC
1330,Redondoviridae,B10,0,VPC
1331,Redondoviridae,B1,0.92226416,VPC
1332,Redondoviridae,B2,7.6428642,VPC
1333,Redondoviridae,B3,27.1591354,VPC
1334,Redondoviridae,B4,7.2881516,VPC
1335,Redondoviridae,B5,1.5732576,VPC
1336,Redondoviridae,B6,10.18418956,VPC
1337,Redondoviridae,B7,3.99521099,VPC
1338,Redondoviridae,B8,1.31261733,VPC
1339,Redondoviridae,B9,5.38732684,VPC
1340,Redondoviridae,C1,0,VPC
1341,Redondoviridae,C3,0,VPC
1342,Redondoviridae,C2,25.3777523,VPC
1343,Iridoviridae,A9,0,VPC
1344,Iridoviridae,A1,0,VPC
1345,Iridoviridae,A2,0,VPC
1346,Iridoviridae,A3,0,VPC
1347,Iridoviridae,A4,0.39988518,VPC
1348,Iridoviridae,A5,0,VPC
1349,Iridoviridae,A6,0,VPC
1350,Iridoviridae,A7,0,VPC
1351,Iridoviridae,A8,6.7122045,VPC
1352,Iridoviridae,B10,0,VPC
1353,Iridoviridae,B1,0,VPC
1354,Iridoviridae,B2,0,VPC
1355,Iridoviridae,B3,10.39218004,VPC
1356,Iridoviridae,B4,0.3213398,VPC
1357,Iridoviridae,B5,0,VPC
1358,Iridoviridae,B6,29.59426185,VPC
1359,Iridoviridae,B7,0.30508754,VPC
1360,Iridoviridae,B8,0,VPC
1361,Iridoviridae,B9,0,VPC
1362,Iridoviridae,C1,0,VPC
1363,Iridoviridae,C3,0,VPC
1364,Iridoviridae,C2,0,VPC
1365,Herpesviridae,A9,0,VPC
1366,Herpesviridae,A1,0,VPC
1367,Herpesviridae,A2,0,VPC
1368,Herpesviridae,A3,0,VPC
1369,Herpesviridae,A4,16.6366264,VPC
1370,Herpesviridae,A5,0,VPC
1371,Herpesviridae,A6,4.64498894,VPC
1372,Herpesviridae,A7,0.75162995,VPC
1373,Herpesviridae,A8,0,VPC
1374,Herpesviridae,B10,0,VPC
1375,Herpesviridae,B1,0,VPC
1376,Herpesviridae,B2,3.5512815,VPC
1377,Herpesviridae,B3,1.45226935,VPC
1378,Herpesviridae,B4,0,VPC
1379,Herpesviridae,B5,0,VPC
1380,Herpesviridae,B6,5.915607,VPC
1381,Herpesviridae,B7,0.47687662,VPC
1382,Herpesviridae,B8,2.6037273,VPC
1383,Herpesviridae,B9,0.53927624,VPC
1384,Herpesviridae,C1,0,VPC
1385,Herpesviridae,C3,0,VPC
1386,Herpesviridae,C2,0,VPC
1387,Others,A9,7.06312794,VPC
1388,Others,A1,6.33328233,VPC
1389,Others,A2,65.99721431,VPC
1390,Others,A3,381.1974396,VPC
1391,Others,A4,1527.053973,VPC
1392,Others,A5,100.9745264,VPC
1393,Others,A6,605.9457428,VPC
1394,Others,A7,352.3710853,VPC
1395,Others,A8,160.3401734,VPC
1396,Others,B10,357.6918093,VPC
1397,Others,B1,154.1138751,VPC
1398,Others,B2,222.8591602,VPC
1399,Others,B3,1501.387379,VPC
1400,Others,B4,5235.505209,VPC
1401,Others,B5,93.25191622,VPC
1402,Others,B6,618.2972751,VPC
1403,Others,B7,164.2933322,VPC
1404,Others,B8,246.5980602,VPC
1405,Others,B9,265.1263843,VPC
1406,Others,C1,241.4941906,VPC
1407,Others,C3,3.5806236,VPC
1408,Others,C2,173.7394304,VPC
